{
  "folds": [
    {
      "fold": 1,
      "best_epoch": 30,
      "best_val_f1_macro": 0.9246271348953893,
      "early_stopped": false,
      "early_stop_epoch": null,
      "test_acc": 0.8632421614409607,
      "test_f1_macro": 0.8623452310559229,
      "test_auc_ovr_macro": NaN
    },
    {
      "fold": 2,
      "best_epoch": 27,
      "best_val_f1_macro": 0.929791798200033,
      "early_stopped": false,
      "early_stop_epoch": null,
      "test_acc": 0.8579052701801201,
      "test_f1_macro": 0.8562469609379221,
      "test_auc_ovr_macro": NaN
    }
  ],
  "mean_test_acc": 0.8605737158105404,
  "mean_test_f1_macro": 0.8592960959969225,
  "mean_test_auc_ovr_macro": NaN
}